{"jsonEdgesVec":{"0->1":[[1,1,1,1,1,1,1,1,1,1,1,1,1,1,1,1]],"1->2":[[1,1,1,1,1,1,1,1,1,1,1,1,1,1,1,1]],"5->4":[[1,1,1,1,1,1,1,1,1,1,1,1,1,1,1,1]],"2->3":[[1,1,1,1,1,1,1,1,1,1,1,1,1,1,1,1]],"3->4":[[1,1,1,1,1,1,1,1,1,1,1,1,1,1,1,1]],"6->5":[[1,1,1,1,1,1,1,1,1,1,1,1,1,1,1,1]],"4->6":[[0.1798234,0.6326739,0.14971042,-0.1600142,-0.28959408,0.20738795,-0.15147196,-0.3016911,0.08674886,-0.04339242,-0.09769106,0.24025291,0.005367519,0.13009915,-0.21144915,-0.37442636]]},"jsonNodesVec":{"0":[[-0.18849283,0.21341169,0.36353093,-0.07122524,0.67034334,0.130942,0.15251479,-0.016402923,0.2191486,-0.085947596,-0.30995196,-0.07905314,-0.034596432,-0.34496355,-0.1007222,-0.059898853],[-0.020896574,0.19973612,0.3746271,0.1457412,0.57662004,0.048538275,0.34252703,-0.08617134,0.16497654,-0.011461269,-0.29224727,0.023508713,-0.095375665,-0.41657683,-0.05484953,-0.19883409],[-0.04333965,0.49039763,-0.04498638,0.0023048425,-0.07657525,-0.49149555,0.12437582,0.018283749,-0.003909437,0.10164173,-0.35302907,-0.008323605,0.073268235,-0.53999525,-0.05984865,0.23828004],[-0.11445527,0.25848475,0.4176061,0.21361926,0.6113341,-0.120185934,-0.06659931,-0.17615926,0.20973915,0.03584449,-0.17601828,0.10874292,0.15587154,-0.38343197,0.021116469,-0.12872969],[-0.18849283,0.21341169,0.36353093,-0.07122524,0.67034334,0.130942,0.15251479,-0.016402923,0.2191486,-0.085947596,-0.30995196,-0.07905314,-0.034596432,-0.34496355,-0.1007222,-0.059898853],[-0.38679296,0.23443645,0.22395162,0.118965395,0.0040784134,-0.043201018,0.41145125,0.31210744,0.40545177,-0.18380158,-0.13841976,0.109486,-0.006736169,-0.18469892,0.02209587,0.44561064],[-0.20425086,0.18863066,0.3145353,-0.08022514,0.4664404,0.08983107,0.36075357,-0.18101701,0.3344252,-0.13727841,-0.28714886,-0.34239554,-0.15150146,-0.23920253,-0.079912655,-0.10887441],[-0.512101,0.5360549,0.3557216,-0.3666112,0.06972098,-0.053468008,0.076737836,0.14379735,0.06625885,-0.2425575,-0.19455598,-0.009311415,-0.004737971,-0.098346405,0.07545284,0.19651757],[-0.3107968,0.36938888,0.2971688,-0.33205065,0.41197744,0.09671523,0.36631712,-0.16864295,0.021004746,-0.13540262,-0.31060898,-0.24400197,-0.08904063,-0.19044752,-0.0725016,0.049369883],[-0.21885675,0.13574712,0.2085884,0.4394781,-0.21002586,-0.45796928,0.29511508,0.24431889,0.0949507,0.07687063,-0.4575137,-0.028307438,0.2646854,-0.01218791,-0.0051081395,0.033393618],[-0.066365786,0.26407906,0.29750356,-0.19215235,0.4198928,0.014515522,0.45136854,0.10129099,0.1241511,-0.14325425,-0.38332087,-0.39840898,-0.14212495,-0.16248064,0.05450559,-0.13690394],[-0.38549197,0.28621408,0.32203978,0.06699628,-0.11960213,-0.20220898,0.25836283,0.18150829,0.24418552,-0.30009547,-0.37847826,0.08332643,0.15658917,-0.21495214,0.24409825,0.27605814],[-0.3753202,0.532567,0.049918395,0.1479844,-0.070945956,-0.17715102,0.36437967,0.27043843,-0.14598611,0.12506248,-0.21259497,0.23425959,0.27459228,-0.057092585,0.017065436,0.30465078]],"1":[[-0.06834532,0.13012293,0.34370503,0.28963697,0.5159777,0.04759323,0.059519313,-0.08635689,0.22493546,0.17005217,-0.1537071,-0.045456003,0.07661603,-0.55363655,-0.2808684,-0.019993588],[0.32609513,0.05856515,-0.46227187,0.23522271,0.08029342,0.17363258,0.2629525,-0.32062644,-0.19760172,0.16635437,-0.38793346,0.1571119,0.16365257,-0.13492498,-0.3545507,-0.0087518925],[-0.04333965,0.49039763,-0.04498638,0.0023048425,-0.07657525,-0.49149555,0.12437582,0.018283749,-0.003909437,0.10164173,-0.35302907,-0.008323605,0.073268235,-0.53999525,-0.05984865,0.23828004],[-0.11445527,0.25848475,0.4176061,0.21361926,0.6113341,-0.120185934,-0.06659931,-0.17615926,0.20973915,0.03584449,-0.17601828,0.10874292,0.15587154,-0.38343197,0.021116469,-0.12872969],[-0.06834532,0.13012293,0.34370503,0.28963697,0.5159777,0.04759323,0.059519313,-0.08635689,0.22493546,0.17005217,-0.1537071,-0.045456003,0.07661603,-0.55363655,-0.2808684,-0.019993588],[-0.38679296,0.23443645,0.22395162,0.118965395,0.0040784134,-0.043201018,0.41145125,0.31210744,0.40545177,-0.18380158,-0.13841976,0.109486,-0.006736169,-0.18469892,0.02209587,0.44561064],[-0.020896574,0.19973612,0.3746271,0.1457412,0.57662004,0.048538275,0.34252703,-0.08617134,0.16497654,-0.011461269,-0.29224727,0.023508713,-0.095375665,-0.41657683,-0.05484953,-0.19883409],[-0.38549197,0.28621408,0.32203978,0.06699628,-0.11960213,-0.20220898,0.25836283,0.18150829,0.24418552,-0.30009547,-0.37847826,0.08332643,0.15658917,-0.21495214,0.24409825,0.27605814],[-0.3753202,0.532567,0.049918395,0.1479844,-0.070945956,-0.17715102,0.36437967,0.27043843,-0.14598611,0.12506248,-0.21259497,0.23425959,0.27459228,-0.057092585,0.017065436,0.30465078]],"2":[[0.07427466,0.43973017,-0.08065902,-0.19568019,-0.2103144,-0.3359509,0.00789334,0.13369061,-0.13885897,0.20609567,-0.2926673,-0.17335154,0.50529915,-0.35831434,-0.038641684,0.13646124],[0.2332187,0.05107817,-0.17285341,0.21856877,0.27349043,-0.036576513,0.39201963,-0.1393818,-0.047167536,0.281856,-0.2927077,-0.10367203,0.39797637,-0.39022535,-0.11024505,-0.33941075],[-0.04333965,0.49039763,-0.04498638,0.0023048425,-0.07657525,-0.49149555,0.12437582,0.018283749,-0.003909437,0.10164173,-0.35302907,-0.008323605,0.073268235,-0.53999525,-0.05984865,0.23828004],[0.32609513,0.05856515,-0.46227187,0.23522271,0.08029342,0.17363258,0.2629525,-0.32062644,-0.19760172,0.16635437,-0.38793346,0.1571119,0.16365257,-0.13492498,-0.3545507,-0.0087518925],[-0.21885675,0.13574712,0.2085884,0.4394781,-0.21002586,-0.45796928,0.29511508,0.24431889,0.0949507,0.07687063,-0.4575137,-0.028307438,0.2646854,-0.01218791,-0.0051081395,0.033393618],[-0.0032393925,0.49187216,-0.18082477,0.17069721,-0.28082076,-0.104519345,0.17639196,0.1177138,-0.29140478,0.22457744,-0.34439066,0.0023438092,0.36330184,-0.38658836,-0.16089778,0.0131090265],[-0.0113385245,0.27657148,-0.09075379,0.16742209,-0.2877507,-0.3179436,0.3461839,0.08583876,-0.20705941,0.026550045,-0.418613,0.2153989,0.45815668,-0.26706094,-0.171924,0.003758859],[-0.3753202,0.532567,0.049918395,0.1479844,-0.070945956,-0.17715102,0.36437967,0.27043843,-0.14598611,0.12506248,-0.21259497,0.23425959,0.27459228,-0.057092585,0.017065436,0.30465078]],"3":[[0.07427466,0.43973017,-0.08065902,-0.19568019,-0.2103144,-0.3359509,0.00789334,0.13369061,-0.13885897,0.20609567,-0.2926673,-0.17335154,0.50529915,-0.35831434,-0.038641684,0.13646124],[-0.20698807,0.20328012,1.2793334E-4,-0.003181077,-0.26826212,0.20211057,-0.504944,0.36824208,0.002896822,-0.15352723,-0.29395008,0.1034879,0.48822713,0.023621721,0.08613301,0.2130752],[-0.04333965,0.49039763,-0.04498638,0.0023048425,-0.07657525,-0.49149555,0.12437582,0.018283749,-0.003909437,0.10164173,-0.35302907,-0.008323605,0.073268235,-0.53999525,-0.05984865,0.23828004],[-0.5602873,0.31198236,0.34263182,-0.16646233,-0.28140524,-0.09137517,-0.11026524,0.16026072,0.13619384,-0.16818134,-0.26520655,-0.08068775,0.30676854,0.13231632,0.13889746,0.25233474]],"4":[[-0.20698807,0.20328012,1.2793334E-4,-0.003181077,-0.26826212,0.20211057,-0.504944,0.36824208,0.002896822,-0.15352723,-0.29395008,0.1034879,0.48822713,0.023621721,0.08613301,0.2130752],[0.11602827,0.54931533,-0.3748302,-0.012316261,-0.15272436,0.08763087,0.07943293,0.16297598,0.1359398,0.26246578,-0.41359225,-0.024006302,0.26777905,0.10679198,-0.31366754,0.1994137],[0.2332187,0.05107817,-0.17285341,0.21856877,0.27349043,-0.036576513,0.39201963,-0.1393818,-0.047167536,0.281856,-0.2927077,-0.10367203,0.39797637,-0.39022535,-0.11024505,-0.33941075]],"5":[[-0.20698807,0.20328012,1.2793334E-4,-0.003181077,-0.26826212,0.20211057,-0.504944,0.36824208,0.002896822,-0.15352723,-0.29395008,0.1034879,0.48822713,0.023621721,0.08613301,0.2130752],[0.04735558,0.47342587,-0.23917487,0.16793428,-0.114736065,0.006994822,-0.23440066,0.15770455,0.055474583,0.06519976,-0.45241305,0.19298913,0.47070858,0.03760553,-0.28255007,0.20766573]],