{"jsonEdgesVec":{"1->4":[[1,1,1,1,1,1,1,1,1,1,1,1,1,1,1,1]],"0->1":[[1,1,1,1,1,1,1,1,1,1,1,1,1,1,1,1]],"2->3":[[0.1798234,0.6326739,0.14971042,-0.1600142,-0.28959408,0.20738795,-0.15147196,-0.3016911,0.08674886,-0.04339242,-0.09769106,0.24025291,0.005367519,0.13009915,-0.21144915,-0.37442636]],"3->4":[[1,1,1,1,1,1,1,1,1,1,1,1,1,1,1,1]]},"jsonNodesVec":{"0":[[0.07427466,0.43973017,-0.08065902,-0.19568019,-0.2103144,-0.3359509,0.00789334,0.13369061,-0.13885897,0.20609567,-0.2926673,-0.17335154,0.50529915,-0.35831434,-0.038641684,0.13646124],[-0.22049832,0.51135707,0.37936148,-0.16170494,-0.3842393,0.11346837,-0.35149783,0.086125575,0.22270332,-0.025889428,-0.15459435,0.18746841,0.2980244,-0.07232546,-0.01045787,0.15772709],[-0.04333965,0.49039763,-0.04498638,0.0023048425,-0.07657525,-0.49149555,0.12437582,0.018283749,-0.003909437,0.10164173,-0.35302907,-0.008323605,0.073268235,-0.53999525,-0.05984865,0.23828004],[0.013439308,0.575237,0.030007059,-0.004468793,-0.27438137,0.04946925,-0.17620003,-0.25515994,0.20078917,-0.14118826,0.32858387,-0.12003453,-0.43489373,0.04983257,-0.25581676,-0.23330647],[-0.55097884,0.14045258,-0.16696914,0.07976841,-0.12224117,-0.28494912,0.10960736,0.21620324,0.21403514,-0.5434669,-0.049856953,0.2325315,0.22196397,-0.09992995,0.10344624,0.14098987],[-0.09453137,0.5794969,0.39493302,-0.18048088,-0.33950576,0.2507201,-0.15947832,-0.20165825,0.21224645,-0.21242389,-0.19253166,0.09878487,0.008565455,0.10426142,0.09176531,-0.25712556],[-0.04333965,0.49039763,-0.04498638,0.0023048425,-0.07657525,-0.49149555,0.12437582,0.018283749,-0.003909437,0.10164173,-0.35302907,-0.008323605,0.073268235,-0.53999525,-0.05984865,0.23828004],[-0.4452937,0.46969667,0.22489762,-0.182887,-0.309285,0.049249742,-0.104817756,-0.16414523,0.16027948,0.05421307,-0.0923689,0.25614882,0.44598147,-0.23035474,-0.06327751,0.048158202],[-0.3753202,0.532567,0.049918395,0.1479844,-0.070945956,-0.17715102,0.36437967,0.27043843,-0.14598611,0.12506248,-0.21259497,0.23425959,0.27459228,-0.057092585,0.017065436,0.30465078]],"1":[[0.07427466,0.43973017,-0.08065902,-0.19568019,-0.2103144,-0.3359509,0.00789334,0.13369061,-0.13885897,0.20609567,-0.2926673,-0.17335154,0.50529915,-0.35831434,-0.038641684,0.13646124],[-0.54862577,0.544063,0.099943556,0.046149645,-0.41533968,-0.060967997,-0.06822039,0.061233208,0.010405954,-0.084054515,-0.30469352,-0.09762388,0.30838126,0.032315623,-0.021802504,0.009921335],[-0.04333965,0.49039763,-0.04498638,0.0023048425,-0.07657525,-0.49149555,0.12437582,0.018283749,-0.003909437,0.10164173,-0.35302907,-0.008323605,0.073268235,-0.53999525,-0.05984865,0.23828004],[-0.22049832,0.51135707,0.37936148,-0.16170494,-0.3842393,0.11346837,-0.35149783,0.086125575,0.22270332,-0.025889428,-0.15459435,0.18746841,0.2980244,-0.07232546,-0.01045787,0.15772709],[-0.36107743,0.50427425,0.1683467,-0.44153053,0.1741461,-0.17240521,0.08856947,-0.022478795,-0.004765242,-0.22382464,-0.37875545,-0.066833004,0.045559045,0.005118277,0.19536941,0.2921077],[-0.09453137,0.5794969,0.39493302,-0.18048088,-0.33950576,0.2507201,-0.15947832,-0.20165825,0.21224645,-0.21242389,-0.19253166,0.09878487,0.008565455,0.10426142,0.09176531,-0.25712556],[-0.3753202,0.532567,0.049918395,0.1479844,-0.070945956,-0.17715102,0.36437967,0.27043843,-0.14598611,0.12506248,-0.21259497,0.23425959,0.27459228,-0.057092585,0.017065436,0.30465078]],"2":[[0.21359992,0.014608996,0.15998213,0.21203566,-0.10458834,-0.36261734,0.48449036,0.20842358,-0.3708334,-0.08241823,-0.27778852,0.31170362,0.088197246,0.12501033,-0.110328965,-0.32983673],[0.11456501,-0.03450551,0.019648235,0.4155159,-0.20619838,-0.006847403,0.36185285,0.038559016,-0.33999896,-0.5539561,-0.07891185,0.012884303,0.14283413,0.31809628,0.041293487,-0.29241073]],"3":[[-0.14998135,0.37124327,0.27605602,0.5882047,-0.21866223,0.15227094,0.19653791,0.31868094,0.028186053,-0.22965808,-0.034722608,0.07269294,0.0025718606,-0.26748773,-0.24746704,0.11612306],[-0.21885675,0.13574712,0.2085884,0.4394781,-0.21002586,-0.45796928,0.29511508,0.24431889,0.0949507,0.07687063,-0.4575137,-0.028307438,0.2646854,-0.01218791,-0.0051081395,0.033393618],[-0.105996124,0.25659996,0.22973762,0.43026537,-0.20752655,0.03128993,0.19942023,0.37673175,-0.24627997,-0.48483604,-0.20182444,0.13310747,0.011473512,-0.19529997,-0.18234755,0.18324088],[-0.21885675,0.13574712,0.2085884,0.4394781,-0.21002586,-0.45796928,0.29511508,0.24431889,0.0949507,0.07687063,-0.4575137,-0.028307438,0.2646854,-0.01218791,-0.0051081395,0.033393618],[0.1745108,0.21166168,0.39420033,0.4953324,-0.2774628,0.05271355,0.07855614,0.4310803,-0.084367365,-0.23483412,-0.23161314,-0.019335939,-0.088960946,0.10735333,-0.30509314,0.15306063],[-0.38679296,0.23443645,0.22395162,0.118965395,0.0040784134,-0.043201018,0.41145125,0.31210744,0.40545177,-0.18380158,-0.13841976,0.109486,-0.006736169,-0.18469892,0.02209587,0.44561064],[-0.161498,0.4461423,0.35041672,0.0539612,-0.052211672,-0.09996198,-0.16018802,-0.12473862,0.2812795,-0.4877402,0.33098367,0.2608541,-0.004825358,0.24542141,-0.07708542,-0.18556017],[-0.38549197,0.28621408,0.32203978,0.06699628,-0.11960213,-0.20220898,0.25836283,0.18150829,0.24418552,-0.30009547,-0.37847826,0.08332643,0.15658917,-0.21495214,0.24409825,0.27605814],[-0.3753202,0.532567,0.049918395,0.1479844,-0.070945956,-0.17715102,0.36437967,0.27043843,-0.14598611,0.12506248,-0.21259497,0.23425959,0.27459228,-0.057092585,0.017065436,0.30465078]],"4":[[0.036194343,0.1311667,-0.18584476,-0.018665744,-0.04063521,-0.22609422,0.48124373,-0.083245695,-0.21036202,-0.35265338,-0.14254558,0.5734779,-0.04980555,0.2574958,0.13740064,-0.2232198],[-0.019233469,0.10742977,0.056141086,0.06340959,-0.23385343,-0.2553984,0.1555699,0.19712,-0.13806592,-0.45909524,-0.28096938,0.6279712,-0.06022689,0.22861831,0.19427666,0.034394182],[-0.14998135,0.37124327,0.27605602,0.5882047,-0.21866223,0.15227094,0.19653791,0.31868094,0.028186053,-0.22965808,-0.034722608,0.07269294,0.0025718606,-0.26748773,-0.24746704,0.11612306],[-0.21885675,0.13574712,0.2085884,0.4394781,-0.21002586,-0.45796928,0.29511508,0.24431889,0.0949507,0.07687063,-0.4575137,-0.028307438,0.2646854,-0.01218791,-0.0051081395,0.033393618],[-0.105996124,0.25659996,0.22973762,0.43026537,-0.20752655,0.03128993,0.19942023,0.37673175,-0.24627997,-0.48483604,-0.20182444,0.13310747,0.011473512,-0.19529997,-0.18234755,0.18324088],[-0.21885675,0.13574712,0.2085884,0.4394781,-0.21002586,-0.45796928,0.29511508,0.24431889,0.0949507,0.07687063,-0.4575137,-0.028307438,0.2646854,-0.01218791,-0.0051081395,0.033393618],[0.1745108,0.21166168,0.39420033,0.4953324,-0.2774628,0.05271355,0.07855614,0.4310803,-0.084367365,-0.23483412,-0.23161314,-0.019335939,-0.088960946,0.10735333,-0.30509314,0.15306063],[-0.38679296,0.23443645,0.22395162,0.118965395,0.0040784134,-0.043201018,0.41145125,0.31210744,0.40545177,-0.18380158,-0.13841976,0.109486,-0.006736169,-0.18469892,0.02209587,0.44561064],[-0.24428172,0.28777105,0.058271218,-0.15482004,-0.007763542,-0.17085096,-0.16331677,0.12959284,0.30815074,-0.66167486,0.17456536,0.13556223,0.20946409,0.071325555,0.055899553,-0.35174492],[-0.38549197,0.28621408,0.32203978,0.06699628,-0.11960213,-0.20220898,0.25836283,0.18150829,0.24418552,-0.30009547,-0.37847826,0.08332643,0.15658917,-0.21495214,0.24409825,0.27605814],[-0.3753202,0.532567,0.049918395,0.1479844,-0.070945956,-0.17715102,0.36437967,0.27043843,-0.14598611,0.12506248,-0.21259497,0.23425959,0.27459228,-0.057092585,0.017065436,0.30465078],[-0.019233469,0.10742977,0.056141086,0.06340959,-0.23385343,-0.2553984,0.1555699,0.19712,-0.13806592,-0.45909524,-0.28096938,0.6279712,-0.06022689,0.22861831,0.19427666,0.034394182],[0.18071765,0.077510536,-0.14179526,0.053028863,-0.07074789,-0.14711487,0.29462105,0.1566302,-0.3295091,-0.38599452,-0.16971304,0.6221316,-0.07965822,0.24917963,0.110269584,-0.21545085]]}}