{"jsonEdgesVec":{"0->1":[[1,1,1,1,1,1,1,1,1,1,1,1,1,1,1,1]],"1->2":[[1,1,1,1,1,1,1,1,1,1,1,1,1,1,1,1]],"3->5":[[0.1798234,0.6326739,0.14971042,-0.1600142,-0.28959408,0.20738795,-0.15147196,-0.3016911,0.08674886,-0.04339242,-0.09769106,0.24025291,0.005367519,0.13009915,-0.21144915,-0.37442636]],"4->3":[[1,1,1,1,1,1,1,1,1,1,1,1,1,1,1,1]],"5->4":[[1,1,1,1,1,1,1,1,1,1,1,1,1,1,1,1]],"2->3":[[1,1,1,1,1,1,1,1,1,1,1,1,1,1,1,1]]},"jsonNodesVec":{"0":[[-0.18849283,0.21341169,0.36353093,-0.07122524,0.67034334,0.130942,0.15251479,-0.016402923,0.2191486,-0.085947596,-0.30995196,-0.07905314,-0.034596432,-0.34496355,-0.1007222,-0.059898853],[0.08745502,0.18678652,0.18835561,0.057892952,0.6034031,-0.12734494,0.3928836,-0.2491687,0.2044749,-0.010069356,-0.34253415,-0.08373857,0.023969483,-0.33850902,0.09577489,-0.17688836],[-0.04333965,0.49039763,-0.04498638,0.0023048425,-0.07657525,-0.49149555,0.12437582,0.018283749,-0.003909437,0.10164173,-0.35302907,-0.008323605,0.073268235,-0.53999525,-0.05984865,0.23828004],[-0.11445527,0.25848475,0.4176061,0.21361926,0.6113341,-0.120185934,-0.06659931,-0.17615926,0.20973915,0.03584449,-0.17601828,0.10874292,0.15587154,-0.38343197,0.021116469,-0.12872969],[-0.18849283,0.21341169,0.36353093,-0.07122524,0.67034334,0.130942,0.15251479,-0.016402923,0.2191486,-0.085947596,-0.30995196,-0.07905314,-0.034596432,-0.34496355,-0.1007222,-0.059898853],[-0.38679296,0.23443645,0.22395162,0.118965395,0.0040784134,-0.043201018,0.41145125,0.31210744,0.40545177,-0.18380158,-0.13841976,0.109486,-0.006736169,-0.18469892,0.02209587,0.44561064],[-0.1463475,0.014644068,0.3293659,-0.11177622,0.412764,0.19624275,0.13092266,-0.4306815,0.13982339,-0.17142677,0.4020231,0.26436394,-0.26046973,-0.29960608,0.019559164,0.08625575],[-0.2754638,0.3396956,0.16539674,-0.39377195,-0.19903839,-0.17999952,-0.27352005,-0.23016614,-0.00753383,-0.1037514,0.18190438,0.098577544,0.34883782,-0.27974978,-0.19614741,0.3666865],[-0.4452937,0.46969667,0.22489762,-0.182887,-0.309285,0.049249742,-0.104817756,-0.16414523,0.16027948,0.05421307,-0.0923689,0.25614882,0.44598147,-0.23035474,-0.06327751,0.048158202],[-0.30248106,0.36230823,0.21587268,-0.31085402,-0.20460273,-0.2184315,-0.3028629,-0.06844185,0.17992964,0.12627271,0.21483546,-0.15444835,0.42331126,-0.15570524,-0.21631266,0.28189737],[-0.38549197,0.28621408,0.32203978,0.06699628,-0.11960213,-0.20220898,0.25836283,0.18150829,0.24418552,-0.30009547,-0.37847826,0.08332643,0.15658917,-0.21495214,0.24409825,0.27605814],[-0.3753202,0.532567,0.049918395,0.1479844,-0.070945956,-0.17715102,0.36437967,0.27043843,-0.14598611,0.12506248,-0.21259497,0.23425959,0.27459228,-0.057092585,0.017065436,0.30465078]],"1":[[0.11082086,-0.057236996,0.029008053,0.09108208,0.24492158,-0.28491437,0.4128745,0.041199327,0.23753865,-0.031946614,-0.4713012,0.21166122,0.2707347,-0.44158837,-0.010062986,-0.2630787],[-0.010027266,0.22674136,-0.028496504,0.44144043,-0.40496257,0.051736686,0.075712435,0.47670653,0.29096097,0.0938105,-0.36582685,-0.19754595,0.28311673,0.028903918,0.06814288,-0.0347402],[-0.04333965,0.49039763,-0.04498638,0.0023048425,-0.07657525,-0.49149555,0.12437582,0.018283749,-0.003909437,0.10164173,-0.35302907,-0.008323605,0.073268235,-0.53999525,-0.05984865,0.23828004],[-0.11445527,0.25848475,0.4176061,0.21361926,0.6113341,-0.120185934,-0.06659931,-0.17615926,0.20973915,0.03584449,-0.17601828,0.10874292,0.15587154,-0.38343197,0.021116469,-0.12872969],[0.11082086,-0.057236996,0.029008053,0.09108208,0.24492158,-0.28491437,0.4128745,0.041199327,0.23753865,-0.031946614,-0.4713012,0.21166122,0.2707347,-0.44158837,-0.010062986,-0.2630787],[-0.38679296,0.23443645,0.22395162,0.118965395,0.0040784134,-0.043201018,0.41145125,0.31210744,0.40545177,-0.18380158,-0.13841976,0.109486,-0.006736169,-0.18469892,0.02209587,0.44561064],[0.08745502,0.18678652,0.18835561,0.057892952,0.6034031,-0.12734494,0.3928836,-0.2491687,0.2044749,-0.010069356,-0.34253415,-0.08373857,0.023969483,-0.33850902,0.09577489,-0.17688836],[-0.38549197,0.28621408,0.32203978,0.06699628,-0.11960213,-0.20220898,0.25836283,0.18150829,0.24418552,-0.30009547,-0.37847826,0.08332643,0.15658917,-0.21495214,0.24409825,0.27605814],[-0.3753202,0.532567,0.049918395,0.1479844,-0.070945956,-0.17715102,0.36437967,0.27043843,-0.14598611,0.12506248,-0.21259497,0.23425959,0.27459228,-0.057092585,0.017065436,0.30465078]],"2":[[0.07427466,0.43973017,-0.08065902,-0.19568019,-0.2103144,-0.3359509,0.00789334,0.13369061,-0.13885897,0.20609567,-0.2926673,-0.17335154,0.50529915,-0.35831434,-0.038641684,0.13646124],[-0.20698807,0.20328012,1.2793334E-4,-0.003181077,-0.26826212,0.20211057,-0.504944,0.36824208,0.002896822,-0.15352723,-0.29395008,0.1034879,0.48822713,0.023621721,0.08613301,0.2130752],[-0.04333965,0.49039763,-0.04498638,0.0023048425,-0.07657525,-0.49149555,0.12437582,0.018283749,-0.003909437,0.10164173,-0.35302907,-0.008323605,0.073268235,-0.53999525,-0.05984865,0.23828004],[-0.4452937,0.46969667,0.22489762,-0.182887,-0.309285,0.049249742,-0.104817756,-0.16414523,0.16027948,0.05421307,-0.0923689,0.25614882,0.44598147,-0.23035474,-0.06327751,0.048158202]],"3":[[-0.20698807,0.20328012,1.2793334E-4,-0.003181077,-0.26826212,0.20211057,-0.504944,0.36824208,0.002896822,-0.15352723,-0.29395008,0.1034879,0.48822713,0.023621721,0.08613301,0.2130752],[0.16812274,0.2577831,-0.4014993,-0.15112469,-0.12887608,0.017536774,-0.17193183,0.016404992,0.3056403,-0.011047906,-0.2232657,0.29946828,0.5104617,-0.20959955,-0.26315895,0.2601411],[-0.010027266,0.22674136,-0.028496504,0.44144043,-0.40496257,0.051736686,0.075712435,0.47670653,0.29096097,0.0938105,-0.36582685,-0.19754595,0.28311673,0.028903918,0.06814288,-0.0347402],[-0.21885675,0.13574712,0.2085884,0.4394781,-0.21002586,-0.45796928,0.29511508,0.24431889,0.0949507,0.07687063,-0.4575137,-0.028307438,0.2646854,-0.01218791,-0.0051081395,0.033393618],[0.2651468,0.0100742625,-0.29990944,0.30225608,-0.1417425,0.13115229,-0.39005417,-0.10940573,-0.405251,0.12027722,-0.28585508,-0.12006763,0.13072424,-0.24353355,-0.12008141,0.42573023],[-0.21885675,0.13574712,0.2085884,0.4394781,-0.21002586,-0.45796928,0.29511508,0.24431889,0.0949507,0.07687063,-0.4575137,-0.028307438,0.2646854,-0.01218791,-0.0051081395,0.033393618],[0.20323507,0.39676708,-0.099990696,-0.21114798,-0.26069036,0.15797871,0.40178096,-0.308399,-0.028853487,-0.400276,0.116310865,0.15897793,0.07723467,0.332681,-0.09240949,-0.26869726]],"4":[[-0.20698807,0.20328012,1.2793334E-4,-0.003181077,-0.26826212,0.20211057,-0.504944,0.36824208,0.002896822,-0.15352723,-0.29395008,0.1034879,0.48822713,0.023621721,0.08613301,0.2130752],[0.04735558,0.47342587,-0.23917487,0.16793428,-0.114736065,0.006994822,-0.23440066,0.15770455,0.055474583,0.06519976,-0.45241305,0.19298913,0.47070858,0.03760553,-0.28255007,0.20766573]],