{"jsonEdgesVec":{"0->1":[[1,1,1,1,1,1,1,1,1,1,1,1,1,1,1,1]],"1->2":[[1,1,1,1,1,1,1,1,1,1,1,1,1,1,1,1]],"3->5":[[0.1798234,0.6326739,0.14971042,-0.1600142,-0.28959408,0.20738795,-0.15147196,-0.3016911,0.08674886,-0.04339242,-0.09769106,0.24025291,0.005367519,0.13009915,-0.21144915,-0.37442636]],"2->3":[[1,1,1,1,1,1,1,1,1,1,1,1,1,1,1,1]],"10->11":[[1,1,1,1,1,1,1,1,1,1,1,1,1,1,1,1]],"5->6":[[1,1,1,1,1,1,1,1,1,1,1,1,1,1,1,1]],"6->7":[[1,1,1,1,1,1,1,1,1,1,1,1,1,1,1,1]],"7->8":[[1,1,1,1,1,1,1,1,1,1,1,1,1,1,1,1]],"8->9":[[1,1,1,1,1,1,1,1,1,1,1,1,1,1,1,1]],"11->4":[[1,1,1,1,1,1,1,1,1,1,1,1,1,1,1,1]],"9->10":[[0.1798234,0.6326739,0.14971042,-0.1600142,-0.28959408,0.20738795,-0.15147196,-0.3016911,0.08674886,-0.04339242,-0.09769106,0.24025291,0.005367519,0.13009915,-0.21144915,-0.37442636]],"9->11":[[0.24440758,0.6885497,0.07978232,-0.2558099,-0.23784544,0.18653302,-0.09252822,-0.30833432,0.041599467,-0.004715279,-0.112384625,0.19003761,0.014651294,0.07312205,-0.10662223,-0.36323088]],"4->3":[[1,1,1,1,1,1,1,1,1,1,1,1,1,1,1,1]]},"jsonNodesVec":{"0":[[0.2665832,0.30533186,0.07679134,0.4237615,0.3732486,-0.2944553,0.48244485,0.06262508,-0.21732914,-0.26087743,-0.08490858,-0.09239721,0.0421505,-0.19680402,-0.023552984,-0.124269366],[-0.21885675,0.13574712,0.2085884,0.4394781,-0.21002586,-0.45796928,0.29511508,0.24431889,0.0949507,0.07687063,-0.4575137,-0.028307438,0.2646854,-0.01218791,-0.0051081395,0.033393618],[0.10498689,0.350561,0.20830142,0.40857378,0.19745806,-0.32692668,0.45256868,0.18250062,-0.26864585,-0.2387217,-0.12199756,-0.009228709,0.039596878,-0.21859322,0.20503473,-0.19039363],[-0.38679296,0.23443645,0.22395162,0.118965395,0.0040784134,-0.043201018,0.41145125,0.31210744,0.40545177,-0.18380158,-0.13841976,0.109486,-0.006736169,-0.18469892,0.02209587,0.44561064],[0.2665832,0.30533186,0.07679134,0.4237615,0.3732486,-0.2944553,0.48244485,0.06262508,-0.21732914,-0.26087743,-0.08490858,-0.09239721,0.0421505,-0.19680402,-0.023552984,-0.124269366],[-0.21885675,0.13574712,0.2085884,0.4394781,-0.21002586,-0.45796928,0.29511508,0.24431889,0.0949507,0.07687063,-0.4575137,-0.028307438,0.2646854,-0.01218791,-0.0051081395,0.033393618],[0.24096316,0.2734675,0.04032731,0.548677,0.29630184,-0.23964912,0.47182375,0.11179038,-0.13493778,-0.1094384,-0.28124076,0.0774323,0.04294961,-0.20243025,0.14033312,-0.07965617],[-0.38549197,0.28621408,0.32203978,0.06699628,-0.11960213,-0.20220898,0.25836283,0.18150829,0.24418552,-0.30009547,-0.37847826,0.08332643,0.15658917,-0.21495214,0.24409825,0.27605814],[-0.3753202,0.532567,0.049918395,0.1479844,-0.070945956,-0.17715102,0.36437967,0.27043843,-0.14598611,0.12506248,-0.21259497,0.23425959,0.27459228,-0.057092585,0.017065436,0.30465078]],"11":[[-0.14998135,0.37124327,0.27605602,0.5882047,-0.21866223,0.15227094,0.19653791,0.31868094,0.028186053,-0.22965808,-0.034722608,0.07269294,0.0025718606,-0.26748773,-0.24746704,0.11612306],[-0.21885675,0.13574712,0.2085884,0.4394781,-0.21002586,-0.45796928,0.29511508,0.24431889,0.0949507,0.07687063,-0.4575137,-0.028307438,0.2646854,-0.01218791,-0.0051081395,0.033393618],[-0.105996124,0.25659996,0.22973762,0.43026537,-0.20752655,0.03128993,0.19942023,0.37673175,-0.24627997,-0.48483604,-0.20182444,0.13310747,0.011473512,-0.19529997,-0.18234755,0.18324088],[-0.21885675,0.13574712,0.2085884,0.4394781,-0.21002586,-0.45796928,0.29511508,0.24431889,0.0949507,0.07687063,-0.4575137,-0.028307438,0.2646854,-0.01218791,-0.0051081395,0.033393618],[0.1745108,0.21166168,0.39420033,0.4953324,-0.2774628,0.05271355,0.07855614,0.4310803,-0.084367365,-0.23483412,-0.23161314,-0.019335939,-0.088960946,0.10735333,-0.30509314,0.15306063],[-0.38679296,0.23443645,0.22395162,0.118965395,0.0040784134,-0.043201018,0.41145125,0.31210744,0.40545177,-0.18380158,-0.13841976,0.109486,-0.006736169,-0.18469892,0.02209587,0.44561064],[0.0101014,-0.05949747,0.17911975,0.47607404,-0.055376206,-0.049060963,-0.066605456,0.55916244,0.123986445,-0.4179714,-0.13450155,0.0059906836,-0.057291567,0.365276,-0.21022509,0.16109766],[0.1915334,0.11707696,0.1172254,0.44304582,-0.04359791,0.046698015,-0.084504634,0.5677834,0.1839837,-0.40323994,-0.16370952,-0.16077696,-0.16335052,0.29268602,-0.0077379066,0.21086767],[-0.12415262,0.21661727,0.32198548,-0.14425397,-0.06751819,-0.2508519,-0.054712694,0.56574863,0.14123328,-0.34328184,-0.26363733,0.121051006,0.026752025,0.06303258,0.1158411,0.42728645],[-0.20698807,0.20328012,1.2793334E-4,-0.003181077,-0.26826212,0.20211057,-0.504944,0.36824208,0.002896822,-0.15352723,-0.29395008,0.1034879,0.48822713,0.023621721,0.08613301,0.2130752],[-0.12415262,0.21661727,0.32198548,-0.14425397,-0.06751819,-0.2508519,-0.054712694,0.56574863,0.14123328,-0.34328184,-0.26363733,0.121051006,0.026752025,0.06303258,0.1158411,0.42728645],[-0.05121208,0.06804254,0.2708257,-0.056471743,-0.090783246,-0.20241286,-0.024029931,0.4879843,0.177775,-0.35347015,-0.34845266,0.26814336,0.10371662,0.112662226,0.38446674,0.32735828],[-0.17882049,0.09249952,0.19903286,-0.04190047,-0.011839411,-0.18306732,-0.14164601,0.48380753,0.18991564,-0.39964905,-0.39181846,0.2926351,-0.18179598,0.26328677,0.21719447,0.21406236],[-0.05121208,0.06804254,0.2708257,-0.056471743,-0.090783246,-0.20241286,-0.024029931,0.4879843,0.177775,-0.35347015,-0.34845266,0.26814336,0.10371662,0.112662226,0.38446674,0.32735828],[-0.12415262,0.21661727,0.32198548,-0.14425397,-0.06751819,-0.2508519,-0.054712694,0.56574863,0.14123328,-0.34328184,-0.26363733,0.121051006,0.026752025,0.06303258,0.1158411,0.42728645],[0.3846873,-0.3071039,0.33181104,0.2117039,-0.19152828,0.06438659,0.19370824,0.14430358,0.16759305,-0.49117464,-0.2879243,0.30659002,0.16090143,0.15480591,0.0065937503,-0.08645945],[-0.38549197,0.28621408,0.32203978,0.06699628,-0.11960213,-0.20220898,0.25836283,0.18150829,0.24418552,-0.30009547,-0.37847826,0.08332643,0.15658917,-0.21495214,0.24409825,0.27605814],[-0.3753202,0.532567,0.049918395,0.1479844,-0.070945956,-0.17715102,0.36437967,0.27043843,-0.14598611,0.12506248,-0.21259497,0.23425959,0.27459228,-0.057092585,0.017065436,0.30465078]],"1":[[0.07427466,0.43973017,-0.08065902,-0.19568019,-0.2103144,-0.3359509,0.00789334,0.13369061,-0.13885897,0.20609567,-0.2926673,-0.17335154,0.50529915,-0.35831434,-0.038641684,0.13646124],[0.16365942,0.048064347,-0.098559454,-0.0626616,0.1889889,-0.17773059,0.43424398,-0.28884077,0.090644196,0.34017006,-0.5511659,0.080973215,0.15194032,-0.25633478,-0.15002358,-0.26905423],[-0.04333965,0.49039763,-0.04498638,0.0023048425,-0.07657525,-0.49149555,0.12437582,0.018283749,-0.003909437,0.10164173,-0.35302907,-0.008323605,0.073268235,-0.53999525,-0.05984865,0.23828004],[0.07861345,0.2945681,-0.089674644,0.17702249,-0.20850322,0.1181859,0.3738934,-0.14917213,-0.20291841,0.07817637,-0.43340644,-0.097448684,0.24103881,-0.56253713,-0.13895701,-0.09848533],[-0.21885675,0.13574712,0.2085884,0.4394781,-0.21002586,-0.45796928,0.29511508,0.24431889,0.0949507,0.07687063,-0.4575137,-0.028307438,0.2646854,-0.01218791,-0.0051081395,0.033393618],[-0.0032393925,0.49187216,-0.18082477,0.17069721,-0.28082076,-0.104519345,0.17639196,0.1177138,-0.29140478,0.22457744,-0.34439066,0.0023438092,0.36330184,-0.38658836,-0.16089778,0.0131090265],[-0.0113385245,0.27657148,-0.09075379,0.16742209,-0.2877507,-0.3179436,0.3461839,0.08583876,-0.20705941,0.026550045,-0.418613,0.2153989,0.45815668,-0.26706094,-0.171924,0.003758859],[-0.3753202,0.532567,0.049918395,0.1479844,-0.070945956,-0.17715102,0.36437967,0.27043843,-0.14598611,0.12506248,-0.21259497,0.23425959,0.27459228,-0.057092585,0.017065436,0.30465078]],