{"jsonEdgesVec":{"0->1":[[1,1,1,1,1,1,1,1,1,1,1,1,1,1,1,1]],"1->2":[[1,1,1,1,1,1,1,1,1,1,1,1,1,1,1,1]]},"jsonNodesVec":{"0":[[0.44103014,0.05908056,0.117559366,-0.08743952,-0.17535086,-0.3890221,-0.18529835,0.11512464,0.30580926,0.010003255,0.18593253,0.39032105,0.2953325,-0.38660917,-0.097745195,-0.15517047],[0.35577813,0.21114352,0.28736004,0.09532508,-0.38022164,-0.2594942,-0.10520565,0.2367534,0.30427614,-0.3052663,0.37026983,0.28362298,0.17893879,0.020179413,0.06405353,0.13531147],[-0.04333965,0.49039763,-0.04498638,0.0023048425,-0.07657525,-0.49149555,0.12437582,0.018283749,-0.003909437,0.10164173,-0.35302907,-0.008323605,0.073268235,-0.53999525,-0.05984865,0.23828004],[-0.11445527,0.25848475,0.4176061,0.21361926,0.6113341,-0.120185934,-0.06659931,-0.17615926,0.20973915,0.03584449,-0.17601828,0.10874292,0.15587154,-0.38343197,0.021116469,-0.12872969],[0.44103014,0.05908056,0.117559366,-0.08743952,-0.17535086,-0.3890221,-0.18529835,0.11512464,0.30580926,0.010003255,0.18593253,0.39032105,0.2953325,-0.38660917,-0.097745195,-0.15517047],[-0.38679296,0.23443645,0.22395162,0.118965395,0.0040784134,-0.043201018,0.41145125,0.31210744,0.40545177,-0.18380158,-0.13841976,0.109486,-0.006736169,-0.18469892,0.02209587,0.44561064],[0.5893479,-0.22638893,-0.17768377,-0.15047553,0.29917142,-0.29998466,0.11768833,-0.13712557,0.39621258,-0.05545472,0.2859764,-0.042041793,0.1474079,0.13036887,-0.15370657,-0.17056933],[-0.21885675,0.13574712,0.2085884,0.4394781,-0.21002586,-0.45796928,0.29511508,0.24431889,0.0949507,0.07687063,-0.4575137,-0.028307438,0.2646854,-0.01218791,-0.0051081395,0.033393618],[0.48199603,-0.116297856,0.15834211,0.34360415,-0.24418446,-0.24131708,0.23220508,0.24124168,0.06789512,-0.38193002,-0.008712619,0.30120853,0.252136,0.2055201,0.18406713,-0.008204188],[-0.38679296,0.23443645,0.22395162,0.118965395,0.0040784134,-0.043201018,0.41145125,0.31210744,0.40545177,-0.18380158,-0.13841976,0.109486,-0.006736169,-0.18469892,0.02209587,0.44561064],[-0.22049832,0.51135707,0.37936148,-0.16170494,-0.3842393,0.11346837,-0.35149783,0.086125575,0.22270332,-0.025889428,-0.15459435,0.18746841,0.2980244,-0.07232546,-0.01045787,0.15772709],[-0.38549197,0.28621408,0.32203978,0.06699628,-0.11960213,-0.20220898,0.25836283,0.18150829,0.24418552,-0.30009547,-0.37847826,0.08332643,0.15658917,-0.21495214,0.24409825,0.27605814],[-0.38549197,0.28621408,0.32203978,0.06699628,-0.11960213,-0.20220898,0.25836283,0.18150829,0.24418552,-0.30009547,-0.37847826,0.08332643,0.15658917,-0.21495214,0.24409825,0.27605814],[-0.3753202,0.532567,0.049918395,0.1479844,-0.070945956,-0.17715102,0.36437967,0.27043843,-0.14598611,0.12506248,-0.21259497,0.23425959,0.27459228,-0.057092585,0.017065436,0.30465078]],"1":[[0.35577813,0.21114352,0.28736004,0.09532508,-0.38022164,-0.2594942,-0.10520565,0.2367534,0.30427614,-0.3052663,0.37026983,0.28362298,0.17893879,0.020179413,0.06405353,0.13531147],[-0.21885675,0.13574712,0.2085884,0.4394781,-0.21002586,-0.45796928,0.29511508,0.24431889,0.0949507,0.07687063,-0.4575137,-0.028307438,0.2646854,-0.01218791,-0.0051081395,0.033393618],[0.39218664,0.002257149,-0.08031396,0.07145413,0.14705859,-0.19567086,0.09518317,0.22622356,-0.25651798,0.077425465,0.674569,-0.22920533,0.304804,0.08836398,-0.07132439,-0.17118077],[-0.0113385245,0.27657148,-0.09075379,0.16742209,-0.2877507,-0.3179436,0.3461839,0.08583876,-0.20705941,0.026550045,-0.418613,0.2153989,0.45815668,-0.26706094,-0.171924,0.003758859],[-0.3753202,0.532567,0.049918395,0.1479844,-0.070945956,-0.17715102,0.36437967,0.27043843,-0.14598611,0.12506248,-0.21259497,0.23425959,0.27459228,-0.057092585,0.017065436,0.30465078]],"2":[[0.43712857,0.08406909,0.08543562,0.041845884,0.0105659645,-0.5068085,0.44563285,-0.14274192,-0.104238965,-0.23529255,-0.005572796,0.28775296,0.06743814,0.120766595,0.15546745,-0.3528548],[0.5893479,-0.22638893,-0.17768377,-0.15047553,0.29917142,-0.29998466,0.11768833,-0.13712557,0.39621258,-0.05545472,0.2859764,-0.042041793,0.1474079,0.13036887,-0.15370657,-0.17056933],[-0.21885675,0.13574712,0.2085884,0.4394781,-0.21002586,-0.45796928,0.29511508,0.24431889,0.0949507,0.07687063,-0.4575137,-0.028307438,0.2646854,-0.01218791,-0.0051081395,0.033393618],[0.46664622,-0.23135999,-0.13906422,-0.09355341,0.34960744,-0.37093285,-0.045157958,0.07264899,0.2917908,0.06987875,0.46691218,-0.13298264,-0.09415713,0.26738894,-0.046164345,-0.15899448],[-0.38679296,0.23443645,0.22395162,0.118965395,0.0040784134,-0.043201018,0.41145125,0.31210744,0.40545177,-0.18380158,-0.13841976,0.109486,-0.006736169,-0.18469892,0.02209587,0.44561064],[0.35577813,0.21114352,0.28736004,0.09532508,-0.38022164,-0.2594942,-0.10520565,0.2367534,0.30427614,-0.3052663,0.37026983,0.28362298,0.17893879,0.020179413,0.06405353,0.13531147],[-0.21885675,0.13574712,0.2085884,0.4394781,-0.21002586,-0.45796928,0.29511508,0.24431889,0.0949507,0.07687063,-0.4575137,-0.028307438,0.2646854,-0.01218791,-0.0051081395,0.033393618],[0.48199603,-0.116297856,0.15834211,0.34360415,-0.24418446,-0.24131708,0.23220508,0.24124168,0.06789512,-0.38193002,-0.008712619,0.30120853,0.252136,0.2055201,0.18406713,-0.008204188],[-0.0113385245,0.27657148,-0.09075379,0.16742209,-0.2877507,-0.3179436,0.3461839,0.08583876,-0.20705941,0.026550045,-0.418613,0.2153989,0.45815668,-0.26706094,-0.171924,0.003758859],[-0.38549197,0.28621408,0.32203978,0.06699628,-0.11960213,-0.20220898,0.25836283,0.18150829,0.24418552,-0.30009547,-0.37847826,0.08332643,0.15658917,-0.21495214,0.24409825,0.27605814],[-0.3753202,0.532567,0.049918395,0.1479844,-0.070945956,-0.17715102,0.36437967,0.27043843,-0.14598611,0.12506248,-0.21259497,0.23425959,0.27459228,-0.057092585,0.017065436,0.30465078]]}}
